"2017-01-06 10:46:01","Error Processing Request"
"2017-01-06 10:52:53","Error Processing Request"
"2017-01-06 10:54:16","Error Processing Request"
"2017-01-06 10:54:18","Error Processing Request"
"2017-01-06 10:56:09","Error Processing Request"
"2017-01-06 10:57:01","Error Processing Request"
"2017-01-06 10:57:20","Error Processing Request"
"2017-01-06 10:59:12","Error Processing Request"
"2017-01-06 11:00:30","Error Processing Request"
"2017-01-06 11:01:41","Error Processing Request"
"2017-01-06 11:02:16","Error Processing Request"
"2017-01-06 11:10:48","Error Processing Request"
"2017-01-06 11:11:19","Error Processing Request"
"2017-01-06 11:11:39","Error Processing Request"
"2017-01-06 11:12:02","Error Processing Request"
"2017-01-06 11:12:51","Error Processing Request"
"2017-01-06 11:13:56","Error Processing Request"
"2017-01-06 11:14:25","Error Processing Request"
"2017-01-06 11:15:46","Error Processing Request"
"2017-01-06 11:16:59","Error Processing Request"
"2017-01-06 11:21:18","Error Processing Request"
"2017-01-06 11:22:41","Error Processing Request"
"2017-01-06 11:23:52","Error Processing Request"
"2017-01-06 11:24:28","Error Processing Request"
"2017-01-06 11:29:36","Error Processing Request"
"2017-01-06 11:30:37","Error Processing Request"
"2017-01-06 11:31:21","Error Processing Request"
"2017-01-06 11:33:28","Error Processing Request"
"2017-01-06 11:34:22","Error Processing Request"
"2017-01-06 11:35:23","Error Processing Request"
"2017-01-06 11:36:57","Error Processing Request"
"2017-01-06 11:37:36","Error Processing Request"
"2017-01-06 11:38:06","Error Processing Request"
"2017-01-06 11:52:38","Error Processing Request"
"2017-01-06 11:59:31","Error Processing Request"
"2017-01-06 12:01:26","Error Processing Request"
"2017-01-06 12:01:48","Error Processing Request"
"2017-01-06 12:06:39","Error Processing Request"
"2017-01-06 12:08:10","Error Processing Request"
"2017-01-06 12:10:27","Error Processing Request"
"2017-01-06 12:11:03","Error Processing Request"
"2017-01-06 12:12:45","Error Processing Request"
"2017-01-06 12:13:09","Error Processing Request"
"2017-01-06 12:18:43","Error Processing Request"
"2017-01-06 12:18:56","Error Processing Request"
"2017-01-06 12:22:17","Error Processing Request"
"2017-01-06 12:24:47","Error Processing Request"
"2017-01-06 12:25:33","Error Processing Request"
"2017-01-06 12:29:08","Error Processing Request"
"2017-01-06 12:29:11","Error Processing Request"
"2017-01-06 12:29:11","Error Processing Request"
"2017-01-06 12:30:42","Error Processing Request"
"2017-01-06 12:31:21","Error Processing Request"
"2017-01-06 12:32:16","Error Processing Request"
"2017-01-06 12:33:08","Error Processing Request"
"2017-01-06 12:33:08","Error Processing Request"
"2017-01-06 12:34:13","Error Processing Request"
"2017-01-06 12:36:36","Error Processing Request"
"2017-01-06 12:37:41","Error Processing Request"
"2017-01-06 12:43:00","Error Processing Request"
"2017-01-06 12:44:19","Error Processing Request"
"2017-01-06 12:44:57","Error Processing Request"
"2017-01-06 12:45:20","Error Processing Request"
"2017-01-06 12:46:39","Error Processing Request"
"2017-01-06 12:48:31","Error Processing Request"
"2017-01-06 12:49:41","Error Processing Request"
"2017-01-06 12:52:48","Error Processing Request"
"2017-01-06 12:53:30","Error Processing Request"
"2017-01-06 13:59:16","Error Processing Request"
"2017-01-06 14:02:47","Error Processing Request"
"2017-01-06 14:03:03","Error Processing Request"
"2017-01-06 14:05:29","Error Processing Request"
"2017-01-06 14:06:08","Error Processing Request"
"2017-01-06 14:06:36","Error Processing Request"
"2017-01-06 14:07:08","Error Processing Request"
"2017-01-06 14:10:01","Error Processing Request"
"2017-01-06 14:10:56","Error Processing Request"
"2017-01-06 14:11:48","Error Processing Request"
"2017-01-06 14:14:16","Error Processing Request"
"2017-01-06 14:17:00","Error Processing Request"
"2017-01-06 14:18:48","Error Processing Request"
"2017-01-06 14:19:48","Error Processing Request"
"2017-01-06 14:21:21","Error Processing Request"
"2017-01-06 14:25:12","Error Processing Request"
"2017-01-06 14:25:15","Error Processing Request"
"2017-01-06 14:35:27","Error Processing Request"
"2017-01-06 14:36:27","Error Processing Request"
"2017-01-06 14:36:35","Error Processing Request"
"2017-01-06 14:36:58","Error Processing Request"
"2017-01-06 14:37:19","Error Processing Request"
"2017-01-06 14:39:16","Error Processing Request"
"2017-01-06 14:40:19","Error Processing Request"
"2017-01-06 14:41:06","Error Processing Request"
"2017-01-06 14:41:10","Error Processing Request"
"2017-01-06 14:41:16","Error Processing Request"
"2017-01-06 14:41:47","Error Processing Request"
